<?xml version="1.0"?><x:xmpmeta xmlns:x="adobe:ns:meta/" x:xmptk="Adobe XMP Core 6.2.9.B001"><rdf:RDF xmlns:rdf="http://www.w3.org/1999/02/22-rdf-syntax-ns#"><rdf:Description rdf:about="" xmlns:xmp="http://ns.adobe.com/xap/1.0/" xmlns:xmpMM="http://ns.adobe.com/xap/1.0/mm/" xmlns:stRef="http://ns.adobe.com/xap/1.0/sType/ResourceRef#" xmlns:dam="http://www.day.com/dam/1.0" xmlns:dc="http://purl.org/dc/elements/1.1/" xmlns:tiff="http://ns.adobe.com/tiff/1.0/" xmlns:photoshop="http://ns.adobe.com/photoshop/1.0/" xmp:CreatorTool="Adobe Photoshop 22.5 (Windows)" xmpMM:DocumentID="xmp.did:FFBAF7A82DC911ECB301964CFB7FB6BD" xmpMM:InstanceID="xmp.iid:FFBAF7A72DC911ECB301964CFB7FB6BD" dam:Physicalwidthindpi="-1" dam:MIMEtype="image/png" dam:Physicalheightininches="-1.0" dam:Comments="Software: Adobe ImageReady&#xA;XML:com.adobe.xmp: &lt;?xpacket begin=&quot;﻿&quot; id=&quot;W5M0MpCehiHzreSzNTczkc9d&quot;?&gt; &lt;x:xmpmeta xmlns:x=&quot;adobe:ns:meta/&quot; x:xmptk=&quot;Adobe XMP Core 7.1-c000 79.dabacbb, 2021/04/14-00:39:44        &quot;&gt; &lt;rdf:RDF xmlns:rdf=&quot;http://www.w3.org/1999/02/22-rdf-syntax-ns#&quot;&gt; &lt;rdf:Description rdf:about=&quot;&quot; xmlns:xmp=&quot;http://ns.adobe.com/xap/1.0/&quot; xmlns:xmpMM=&quot;http://ns.adobe.com/xap/1.0/mm/&quot; xmlns:stRef=&quot;http://ns.adobe.com/xap/1.0/sType/ResourceRef#&quot; xmp:CreatorTool=&quot;Adobe Photoshop 22.5 (Windows)&quot; xmpMM:InstanceID=&quot;xmp.iid:FFBAF7A72DC911ECB301964CFB7FB6BD&quot; xmpMM:DocumentID=&quot;xmp.did:FFBAF7A82DC911ECB301964CFB7FB6BD&quot;&gt; &lt;xmpMM:DerivedFrom stRef:instanceID=&quot;xmp.iid:FFBAF7A52DC911ECB301964CFB7FB6BD&quot; stRef:documentID=&quot;xmp.did:FFBAF7A62DC911ECB301964CFB7FB6BD&quot;/&gt; &lt;/rdf:Description&gt; &lt;/rdf:RDF&gt; &lt;/x:xmpmeta&gt; &lt;?xpacket end=&quot;r&quot;?&gt;&#xA;" dam:Physicalheightindpi="-1" dam:Physicalwidthininches="-1.0" dam:Bitsperpixel="24" dam:Progressive="no" dam:size="34159" dam:Numberoftextualcomments="2" dam:sha1="8b98101859179345b723007925228546b0ca0b5f" dam:Numberofimages="1" dam:Fileformat="PNG" dc:format="image/png" tiff:ImageWidth="243" tiff:ImageLength="213"><xmpMM:DerivedFrom stRef:documentID="xmp.did:FFBAF7A62DC911ECB301964CFB7FB6BD" stRef:instanceID="xmp.iid:FFBAF7A52DC911ECB301964CFB7FB6BD"/><tiff:BitsPerSample><rdf:Seq><rdf:li>8</rdf:li><rdf:li>8</rdf:li><rdf:li>8</rdf:li></rdf:Seq></tiff:BitsPerSample><photoshop:ColorMode>3</photoshop:ColorMode></rdf:Description></rdf:RDF></x:xmpmeta>