<?xml version="1.0"?><x:xmpmeta xmlns:x="adobe:ns:meta/" x:xmptk="Adobe XMP Core 6.2.9.B001"><rdf:RDF xmlns:rdf="http://www.w3.org/1999/02/22-rdf-syntax-ns#"><rdf:Description rdf:about="" xmlns:dam="http://www.day.com/dam/1.0" xmlns:dc="http://purl.org/dc/elements/1.1/" xmlns:tiff="http://ns.adobe.com/tiff/1.0/" xmlns:photoshop="http://ns.adobe.com/photoshop/1.0/" dam:Physicalwidthindpi="96" dam:MIMEtype="image/png" dam:Physicalheightininches="0.7292684316635132" dam:Physicalheightindpi="96" dam:Physicalwidthininches="2.3440771102905273" dam:Bitsperpixel="24" dam:Progressive="no" dam:size="6200" dam:Numberoftextualcomments="0" dam:sha1="5cdb647fbdee4499fd097bc46bbce4dc5b3389c0" dam:Numberofimages="1" dam:Fileformat="PNG" dc:format="image/png" tiff:ImageWidth="225" tiff:ImageLength="70"><tiff:BitsPerSample><rdf:Seq><rdf:li>8</rdf:li><rdf:li>8</rdf:li><rdf:li>8</rdf:li></rdf:Seq></tiff:BitsPerSample><photoshop:ColorMode>3</photoshop:ColorMode></rdf:Description></rdf:RDF></x:xmpmeta>