<?xml version="1.0"?><x:xmpmeta xmlns:x="adobe:ns:meta/" x:xmptk="Adobe XMP Core 6.2.9.B001"><rdf:RDF xmlns:rdf="http://www.w3.org/1999/02/22-rdf-syntax-ns#"><rdf:Description rdf:about="" xmlns:dam="http://www.day.com/dam/1.0" xmlns:dc="http://purl.org/dc/elements/1.1/" xmlns:tiff="http://ns.adobe.com/tiff/1.0/" xmlns:photoshop="http://ns.adobe.com/photoshop/1.0/" dam:Physicalwidthindpi="500" dam:MIMEtype="image/png" dam:Physicalheightininches="6.062012195587158" dam:Physicalheightindpi="500" dam:Physicalwidthininches="3.3820066452026367" dam:Bitsperpixel="32" dam:Progressive="no" dam:size="128110" dam:Numberoftextualcomments="0" dam:sha1="ac4f995075a8ffa3f7580718620b404d3bc008ca" dam:Numberofimages="1" dam:Fileformat="PNG" dc:format="image/png" tiff:ImageWidth="1691" tiff:ImageLength="3031"><tiff:BitsPerSample><rdf:Seq><rdf:li>8</rdf:li><rdf:li>8</rdf:li><rdf:li>8</rdf:li><rdf:li>8</rdf:li></rdf:Seq></tiff:BitsPerSample><photoshop:ColorMode>3</photoshop:ColorMode></rdf:Description></rdf:RDF></x:xmpmeta>