<?xml version="1.0"?><x:xmpmeta xmlns:x="adobe:ns:meta/" x:xmptk="Adobe XMP Core 6.2.9.B001"><rdf:RDF xmlns:rdf="http://www.w3.org/1999/02/22-rdf-syntax-ns#"><rdf:Description rdf:about="" xmlns:dam="http://www.day.com/dam/1.0" xmlns:dc="http://purl.org/dc/elements/1.1/" xmlns:tiff="http://ns.adobe.com/tiff/1.0/" xmlns:photoshop="http://ns.adobe.com/photoshop/1.0/" dam:Bitsperpixel="32" dam:Comments="XML:com.adobe.xmp: &lt;?xpacket begin=&quot;﻿&quot; id=&quot;W5M0MpCehiHzreSzNTczkc9d&quot;?&gt;&#xA;&lt;x:xmpmeta xmlns:x=&quot;adobe:ns:meta/&quot; x:xmptk=&quot;Adobe XMP Core 5.6-c148 79.164050, 2019/10/01-18:03:16        &quot;&gt;&#xA; &lt;rdf:RDF xmlns:rdf=&quot;http://www.w3.org/1999/02/22-rdf-syntax-ns#&quot;&gt;&#xA;  &lt;rdf:Description rdf:about=&quot;&quot;&#xA;    xmlns:dam=&quot;http://www.day.com/dam/1.0&quot;&#xA;    xmlns:tiff=&quot;http://ns.adobe.com/tiff/1.0/&quot;&#xA;    xmlns:dc=&quot;http://purl.org/dc/elements/1.1/&quot;&#xA;   dam:Physicalheightininches=&quot;-1.0&quot;&#xA;   dam:Physicalwidthininches=&quot;-1.0&quot;&#xA;   dam:Fileformat=&quot;PNG&quot;&#xA;   dam:Progressive=&quot;no&quot;&#xA;   dam:extracted=&quot;2021-06-02T08:43:43.355+01:00&quot;&#xA;   dam:Bitsperpixel=&quot;32&quot;&#xA;   dam:MIMEtype=&quot;image/png&quot;&#xA;   dam:Comments=&quot;XML:com.adobe.xmp: &amp;lt;?xpacket begin=&amp;quot;﻿&amp;quot; id=&amp;quot;W5M0MpCehiHzreSzNTczkc9d&amp;quot;?&amp;gt;&amp;#xA;&amp;lt;x:xmpmeta xmlns:x=&amp;quot;adobe:ns:meta/&amp;quot; x:xmptk=&amp;quot;Adobe XMP Core 5.6-c148 79.164050, 2019/10/01-18:03:16        &amp;quot;&amp;gt;&amp;#xA; &amp;lt;rdf:RDF xmlns:rdf=&amp;quot;http://www.w3.org/1999/02/22-rdf-syntax-ns#&amp;quot;&amp;gt;&amp;#xA;  &amp;lt;rdf:Description rdf:about=&amp;quot;&amp;quot;&amp;#xA;    xmlns:dam=&amp;quot;http://www.day.com/dam/1.0&amp;quot;&amp;#xA;    xmlns:tiff=&amp;quot;http://ns.adobe.com/tiff/1.0/&amp;quot;&amp;#xA;    xmlns:dc=&amp;quot;http://purl.org/dc/elements/1.1/&amp;quot;&amp;#xA;   dam:Physicalheightininches=&amp;quot;-1.0&amp;quot;&amp;#xA;   dam:Physicalwidthininches=&amp;quot;-1.0&amp;quot;&amp;#xA;   dam:Fileformat=&amp;quot;PNG&amp;quot;&amp;#xA;   dam:Progressive=&amp;quot;no&amp;quot;&amp;#xA;   dam:extracted=&amp;quot;2021-05-05T10:12:08.192+01:00&amp;quot;&amp;#xA;   dam:Bitsperpixel=&amp;quot;32&amp;quot;&amp;#xA;   dam:MIMEtype=&amp;quot;image/png&amp;quot;&amp;#xA;   dam:Physicalwidthindpi=&amp;quot;-1&amp;quot;&amp;#xA;   dam:Physicalheightindpi=&amp;quot;-1&amp;quot;&amp;#xA;   dam:Numberofimages=&amp;quot;1&amp;quot;&amp;#xA;   dam:Numberoftextualcomments=&amp;quot;0&amp;quot;&amp;#xA;   dam:sha1=&amp;quot;1fdebec3ecc5b89505b81dbd63f6ad436b5973f2&amp;quot;&amp;#xA;   dam:size=&amp;quot;50232&amp;quot;&amp;#xA;   tiff:ImageLength=&amp;quot;210&amp;quot;&amp;#xA;   tiff:ImageWidth=&amp;quot;226&amp;quot;&amp;#xA;   dc:format=&amp;quot;image/png&amp;quot;&amp;#xA;   dc:modified=&amp;quot;2021-05-05T10:12:36.040+01:00&amp;quot;&amp;gt;&amp;#xA;   &amp;lt;dc:title&amp;gt;&amp;#xA;    &amp;lt;rdf:Alt&amp;gt;&amp;#xA;     &amp;lt;rdf:li xml:lang=&amp;quot;x-default&amp;quot;&amp;gt;help-contact-us.png&amp;lt;/rdf:li&amp;gt;&amp;#xA;    &amp;lt;/rdf:Alt&amp;gt;&amp;#xA;   &amp;lt;/dc:title&amp;gt;&amp;#xA;  &amp;lt;/rdf:Description&amp;gt;&amp;#xA; &amp;lt;/rdf:RDF&amp;gt;&amp;#xA;&amp;lt;/x:xmpmeta&amp;gt;&amp;#xA;&amp;lt;?xpacket end=&amp;quot;r&amp;quot;?&amp;gt;&amp;#xA;&quot;&#xA;   dam:Physicalwidthindpi=&quot;-1&quot;&#xA;   dam:Physicalheightindpi=&quot;-1&quot;&#xA;   dam:Numberofimages=&quot;1&quot;&#xA;   dam:Numberoftextualcomments=&quot;1&quot;&#xA;   dam:sha1=&quot;e6c2a55baccf4324d9547804406557aa1b937053&quot;&#xA;   dam:size=&quot;51399&quot;&#xA;   tiff:ImageLength=&quot;210&quot;&#xA;   tiff:ImageWidth=&quot;226&quot;&#xA;   dc:format=&quot;image/png&quot;&#xA;   dc:modified=&quot;2021-05-05T10:12:36.040+01:00&quot;&gt;&#xA;   &lt;dc:title&gt;&#xA;    &lt;rdf:Alt&gt;&#xA;     &lt;rdf:li xml:lang=&quot;x-default&quot;&gt;help-contact-us.png&lt;/rdf:li&gt;&#xA;    &lt;/rdf:Alt&gt;&#xA;   &lt;/dc:title&gt;&#xA;  &lt;/rdf:Description&gt;&#xA; &lt;/rdf:RDF&gt;&#xA;&lt;/x:xmpmeta&gt;&#xA;&lt;?xpacket end=&quot;r&quot;?&gt;&#xA;" dam:Fileformat="PNG" dam:MIMEtype="image/png" dam:Numberofimages="1" dam:Numberoftextualcomments="1" dam:Physicalheightindpi="-1" dam:Physicalheightininches="-1.0" dam:Physicalwidthindpi="-1" dam:Physicalwidthininches="-1.0" dam:Progressive="no" dam:extracted="2021-06-02T08:43:43.355+01:00" dam:size="53067" dam:sha1="b211ca940cc898209ce886120e0f4fa9de3c7649" dc:modified="2021-05-05T10:12:36.040+01:00" dc:format="image/png" tiff:ImageWidth="226" tiff:ImageLength="210"><dc:title><rdf:Alt><rdf:li xml:lang="x-default">help-contact-us.png</rdf:li></rdf:Alt></dc:title><tiff:BitsPerSample><rdf:Seq><rdf:li>8</rdf:li><rdf:li>8</rdf:li><rdf:li>8</rdf:li><rdf:li>8</rdf:li></rdf:Seq></tiff:BitsPerSample><photoshop:ColorMode>3</photoshop:ColorMode></rdf:Description></rdf:RDF></x:xmpmeta>