<?xml version="1.0" encoding="UTF-8"?>
<jcr:root xmlns:jcr="http://www.jcp.org/jcr/1.0" xmlns:nt="http://www.jcp.org/jcr/nt/1.0" xmlns:cq="http://www.day.com/jcr/cq/1.0" xmlns:sling="http://sling.apache.org/jcr/sling/1.0"
    jcr:primaryType="cq:Page">
    <jcr:content
        cq:allowedTemplates="[/libs/core/franklin/templates/.*,/conf/cbsx/settings/wcm/templates/.*]"
        cq:conf="/conf/cbsx"
        cq:template="[/libs/core/franklin/templates/page]"
        jcr:primaryType="cq:PageContent"
        jcr:title="Coventry Building society"
        sling:resourceType="core/franklin/components/page/v1/page">
        <root
            jcr:primaryType="nt:unstructured"
            sling:resourceType="core/franklin/components/root/v1/root">
            <section
                jcr:primaryType="nt:unstructured"
                sling:resourceType="core/franklin/components/section/v1/section"/>
        </root>
    </jcr:content>
    <footer/>
    <index/>
    <nav/>
    <metadata/>
    <test/>
    <member/>
</jcr:root>
