<?xml version="1.0" encoding="UTF-8"?>
<jcr:root xmlns:jcr="http://www.jcp.org/jcr/1.0" xmlns:nt="http://www.jcp.org/jcr/nt/1.0" xmlns:mix="http://www.jcp.org/jcr/mix/1.0" xmlns:sling="http://sling.apache.org/jcr/sling/1.0"
    jcr:mixinTypes="[mix:referenceable]"
    jcr:primaryType="sling:OrderedFolder"
    jcr:uuid="f77ee1b8-93ae-4fa7-afc4-ecf649b6987d">
    <jcr:content
        jcr:primaryType="nt:unstructured"
        jcr:title="cbsx"
        sourcing="false">
        <folderThumbnail/>
    </jcr:content>
    <couple-decorating-2.jpg/>
    <house-with-solar-panels.png/>
    <men-moving-sofa-2.jpg/>
    <big-key-first-time-buyer.jpg/>
    <car-in-front-of-house-2.jpg/>
    <help-contact-us.png/>
    <Mortgages_Autumn24_Gold_Vertical.png/>
    <mortgages-calculator-affordability.png/>
    <mother-and-child-outside-house.jpg/>
    <woman-writing-2.jpg/>
    <cov-logo.png/>
</jcr:root>
