<?xml version="1.0"?><x:xmpmeta xmlns:x="adobe:ns:meta/" x:xmptk="Adobe XMP Core 6.2.9.B001"><rdf:RDF xmlns:rdf="http://www.w3.org/1999/02/22-rdf-syntax-ns#"><rdf:Description rdf:about="" xmlns:dam="http://www.day.com/dam/1.0" xmlns:dc="http://purl.org/dc/elements/1.1/" xmlns:tiff="http://ns.adobe.com/tiff/1.0/" xmlns:photoshop="http://ns.adobe.com/photoshop/1.0/" dam:Bitsperpixel="32" dam:Fileformat="PNG" dam:MIMEtype="image/png" dam:Numberofimages="1" dam:Numberoftextualcomments="1" dam:Physicalheightindpi="-1" dam:Physicalheightininches="-1.0" dam:Physicalwidthindpi="-1" dam:Physicalwidthininches="-1.0" dam:Progressive="no" dam:extracted="2021-06-02T08:43:25.099+01:00" dam:Comments="XML:com.adobe.xmp: &lt;?xpacket begin=&quot;﻿&quot; id=&quot;W5M0MpCehiHzreSzNTczkc9d&quot;?&gt;&#xA;&lt;x:xmpmeta xmlns:x=&quot;adobe:ns:meta/&quot; x:xmptk=&quot;Adobe XMP Core 5.6-c148 79.164050, 2019/10/01-18:03:16        &quot;&gt;&#xA; &lt;rdf:RDF xmlns:rdf=&quot;http://www.w3.org/1999/02/22-rdf-syntax-ns#&quot;&gt;&#xA;  &lt;rdf:Description rdf:about=&quot;&quot;&#xA;    xmlns:dam=&quot;http://www.day.com/dam/1.0&quot;&#xA;    xmlns:dc=&quot;http://purl.org/dc/elements/1.1/&quot;&#xA;    xmlns:tiff=&quot;http://ns.adobe.com/tiff/1.0/&quot;&#xA;   dam:Bitsperpixel=&quot;32&quot;&#xA;   dam:Fileformat=&quot;PNG&quot;&#xA;   dam:MIMEtype=&quot;image/png&quot;&#xA;   dam:Numberofimages=&quot;1&quot;&#xA;   dam:Numberoftextualcomments=&quot;0&quot;&#xA;   dam:Physicalheightindpi=&quot;-1&quot;&#xA;   dam:Physicalheightininches=&quot;-1.0&quot;&#xA;   dam:Physicalwidthindpi=&quot;-1&quot;&#xA;   dam:Physicalwidthininches=&quot;-1.0&quot;&#xA;   dam:Progressive=&quot;no&quot;&#xA;   dam:extracted=&quot;2021-06-02T08:43:25.099+01:00&quot;&#xA;   dam:sha1=&quot;8dbfa6547371814464caced26f49d4348b6138bd&quot;&#xA;   dam:size=&quot;43448&quot;&#xA;   dc:format=&quot;image/png&quot;&#xA;   dc:modified=&quot;2021-06-02T08:43:36.946+01:00&quot;&#xA;   tiff:ImageLength=&quot;189&quot;&#xA;   tiff:ImageWidth=&quot;320&quot;/&gt;&#xA; &lt;/rdf:RDF&gt;&#xA;&lt;/x:xmpmeta&gt;&#xA;&lt;?xpacket end=&quot;r&quot;?&gt;&#xA;" dam:size="55385" dam:sha1="5f5773665ea675dc72a64a31785c51f27bcf66c3" dc:modified="2021-06-02T08:43:36.946+01:00" dc:format="image/png" tiff:ImageWidth="202" tiff:ImageLength="189"><tiff:BitsPerSample><rdf:Seq><rdf:li>8</rdf:li><rdf:li>8</rdf:li><rdf:li>8</rdf:li><rdf:li>8</rdf:li></rdf:Seq></tiff:BitsPerSample><photoshop:ColorMode>3</photoshop:ColorMode></rdf:Description></rdf:RDF></x:xmpmeta>