<?xml version="1.0"?>
<x:xmpmeta xmlns:x="adobe:ns:meta/" x:xmptk="Adobe XMP Core 6.2.9.B001">
  <rdf:RDF xmlns:rdf="http://www.w3.org/1999/02/22-rdf-syntax-ns#">
    <rdf:Description rdf:about=""
        xmlns:aux="http://ns.adobe.com/exif/1.0/aux/"
        xmlns:crs="http://ns.adobe.com/camera-raw-settings/1.0/"
        xmlns:dc="http://purl.org/dc/elements/1.1/"
        xmlns:exif="http://ns.adobe.com/exif/1.0/"
        xmlns:exifEX="http://cipa.jp/exif/1.0/"
        xmlns:photoshop="http://ns.adobe.com/photoshop/1.0/"
        xmlns:tiff="http://ns.adobe.com/tiff/1.0/"
        xmlns:xmp="http://ns.adobe.com/xap/1.0/"
        xmlns:xmpMM="http://ns.adobe.com/xap/1.0/mm/"
        xmlns:stEvt="http://ns.adobe.com/xap/1.0/sType/ResourceEvent#"
        xmlns:stRef="http://ns.adobe.com/xap/1.0/sType/ResourceRef#"
        xmlns:dam="http://www.day.com/dam/1.0"
      aux:FlashCompensation="0/10"
      aux:Lens="24-70mm F2.8 G SSM"
      aux:LensInfo="510/10 510/10 35923/12839 35923/12839"
      crs:CropAngle="0"
      crs:CropBottom="1"
      crs:CropConstrainToWarp="0"
      crs:CropLeft="0"
      crs:CropRight="1"
      crs:CropTop="0"
      crs:RawFileName="table.psd"
      dc:format="image/jpeg"
      exif:ApertureValue="11285/1482"
      exif:BrightnessValue="8794/2560"
      exif:ColorSpace="1"
      exif:Contrast="0"
      exif:DateTimeOriginal="2021-04-23T17:32:52"
      exif:ExifVersion="0220"
      exif:ExposureBiasValue="0/10"
      exif:ExposureMode="1"
      exif:ExposureProgram="1"
      exif:ExposureTime="1/1"
      exif:FNumber="140/10"
      exif:FileSource="3"
      exif:FocalLength="510/10"
      exif:LightSource="10"
      exif:MaxApertureValue="760/256"
      exif:MeteringMode="2"
      exif:PixelXDimension="912"
      exif:PixelYDimension="555"
      exif:Saturation="0"
      exif:SceneType="1"
      exif:Sharpness="0"
      exif:ShutterSpeedValue="0/1"
      exif:WhiteBalance="1"
      exifEX:LensModel="24-70mm F2.8 G SSM"
      exifEX:PhotographicSensitivity="125"
      photoshop:ColorMode="3"
      photoshop:DateCreated="2021-04-23T17:32:52"
      photoshop:History="2021-04-27T14:25+01:00&#x9;File _DSC1312.tif opened&#xA;2021-04-27T14:30:07+01:00&#x9;File table.psb saved&#xA;2021-04-27T14:31:23+01:00&#x9;File table.psb saved&#xA;2021-04-27T14:35:01+01:00&#x9;File _tableE847BAA811813BB637B855750B1B2995.psb saved&#xA;2021-04-27T14:35:10+01:00&#x9;File table.psb saved&#xA;2021-04-27T14:37:42+01:00&#x9;File table.psb saved&#xA;2021-04-27T14:38:02+01:00&#x9;File table.psb saved&#xA;2021-04-27T14:39:54+01:00&#x9;File table.psb saved&#xA;2021-04-27T14:45:01+01:00&#x9;File _tableE847BAA811813BB637B855750B1B2995.psb saved&#xA;2021-04-27T14:46:58+01:00&#x9;File table.psb saved&#xA;2021-04-27T14:47:16+01:00&#x9;File table.psb saved&#xA;2021-04-27T14:51:12+01:00&#x9;File table.psb saved&#xA;"
      photoshop:ICCProfile="sRGB IEC61966-2.1"
      tiff:Compression="1"
      tiff:Make="SONY"
      tiff:Model="ILCE-7RM2"
      tiff:Orientation="1"
      tiff:PhotometricInterpretation="2"
      tiff:PlanarConfiguration="1"
      tiff:ResolutionUnit="2"
      tiff:SamplesPerPixel="3"
      tiff:XResolution="720000/10000"
      tiff:YResolution="720000/10000"
      tiff:ImageWidth="912"
      tiff:ImageLength="555"
      xmp:CreateDate="2021-04-23T17:32:52"
      xmp:CreatorTool="Adobe Photoshop 23.5 (Windows)"
      xmp:MetadataDate="2022-09-30T11:11:55+01:00"
      xmp:ModifyDate="2022-09-30T11:11:55+01:00"
      xmpMM:DocumentID="adobe:docid:photoshop:87796c32-4a67-7c43-a8da-b69ca5286146"
      xmpMM:InstanceID="xmp.iid:2e2da927-5075-1a41-8b7a-f36584895104"
      xmpMM:OriginalDocumentID="xmp.did:4f64feae-a1e8-4d5f-a631-6c5a101f9bc2"
      xmpMM:PreservedFileName="table.psd"
      dam:Physicalwidthindpi="72"
      dam:MIMEtype="image/jpeg"
      dam:Physicalheightininches="7.708333492279053"
      dam:Physicalheightindpi="72"
      dam:Physicalwidthininches="12.666666984558105"
      dam:Bitsperpixel="24"
      dam:Progressive="no"
      dam:size="253206"
      dam:Numberoftextualcomments="0"
      dam:sha1="ad4ae18bf9167dd1e9b5f42ee1d2dfaf37c72479"
      dam:Numberofimages="1"
      dam:Fileformat="JPEG">
      <dc:creator>
        <rdf:Seq>
          <rdf:li>Isaac Newman</rdf:li>
        </rdf:Seq>
      </dc:creator>
      <dc:rights>
        <rdf:Alt>
          <rdf:li xml:lang="x-default">Isaac Newman</rdf:li>
        </rdf:Alt>
      </dc:rights>
      <exif:ISOSpeedRatings>
        <rdf:Seq>
          <rdf:li>125</rdf:li>
        </rdf:Seq>
      </exif:ISOSpeedRatings>
      <exif:Flash
        exif:Fired="False"
        exif:Function="False"
        exif:Mode="2"
        exif:RedEyeMode="False"
        exif:Return="0"/>
      <exifEX:LensSpecification>
        <rdf:Seq>
          <rdf:li>510/10</rdf:li>
          <rdf:li>510/10</rdf:li>
          <rdf:li>35923/12839</rdf:li>
          <rdf:li>35923/12839</rdf:li>
        </rdf:Seq>
      </exifEX:LensSpecification>
      <photoshop:DocumentAncestors>
        <rdf:Bag>
          <rdf:li>adobe:docid:photoshop:2a769e1b-7e70-6441-8da6-47cd327433da</rdf:li>
          <rdf:li>adobe:docid:photoshop:3fca0a64-f24b-0845-9044-7f0338a4ed4f</rdf:li>
          <rdf:li>xmp.did:d996f0fb-1f40-40f4-ba64-ad976c1626bb</rdf:li>
          <rdf:li>xmp.did:e2312ab1-1371-4c39-bc0a-b96e6fb37039</rdf:li>
          <rdf:li>xmp.did:e47acbc2-ee8d-4428-805b-0115b6b6c2f6</rdf:li>
        </rdf:Bag>
      </photoshop:DocumentAncestors>
      <tiff:BitsPerSample>
        <rdf:Seq>
          <rdf:li>8</rdf:li>
          <rdf:li>8</rdf:li>
          <rdf:li>8</rdf:li>
        </rdf:Seq>
      </tiff:BitsPerSample>
      <xmpMM:History>
        <rdf:Seq>
          <rdf:li
            stEvt:action="saved"
            stEvt:changed="/"
            stEvt:instanceID="xmp.iid:4f64feae-a1e8-4d5f-a631-6c5a101f9bc2"
            stEvt:softwareAgent="Adobe Photoshop 22.1 (Macintosh)"
            stEvt:when="2021-04-27T14:30:07+01:00"/>
          <rdf:li
            stEvt:action="converted"
            stEvt:parameters="from image/tiff to application/vnd.adobe.photoshop"/>
          <rdf:li
            stEvt:action="derived"
            stEvt:parameters="converted from image/tiff to application/vnd.adobe.photoshop"/>
          <rdf:li
            stEvt:action="saved"
            stEvt:changed="/"
            stEvt:instanceID="xmp.iid:e2312ab1-1371-4c39-bc0a-b96e6fb37039"
            stEvt:softwareAgent="Adobe Photoshop 22.1 (Macintosh)"
            stEvt:when="2021-04-27T14:30:07+01:00"/>
          <rdf:li
            stEvt:action="saved"
            stEvt:changed="/"
            stEvt:instanceID="xmp.iid:f0dbb8b0-ccd5-0347-b555-64771d25e1b0"
            stEvt:softwareAgent="Adobe Photoshop 22.4 (Windows)"
            stEvt:when="2021-06-11T14:43:35+01:00"/>
          <rdf:li
            stEvt:action="converted"
            stEvt:parameters="from application/vnd.adobe.photoshop to image/vnd.adobe.photoshop"/>
          <rdf:li
            stEvt:action="saved"
            stEvt:changed="/metadata"
            stEvt:instanceID="xmp.iid:4b557411-99a8-f14b-a5ad-0af80433106d"
            stEvt:softwareAgent="Adobe Photoshop Lightroom Classic 11.1 (Windows)"
            stEvt:when="2022-01-18T09:38:16Z"/>
          <rdf:li
            stEvt:action="converted"
            stEvt:parameters="from image/vnd.adobe.photoshop to application/vnd.adobe.photoshop"/>
          <rdf:li
            stEvt:action="saved"
            stEvt:changed="/"
            stEvt:instanceID="xmp.iid:f962ca84-cb3f-8047-8785-a72ce5a84f59"
            stEvt:softwareAgent="Adobe Photoshop 23.1 (Windows)"
            stEvt:when="2022-01-18T16:33:49Z"/>
          <rdf:li
            stEvt:action="saved"
            stEvt:changed="/"
            stEvt:instanceID="xmp.iid:788ab6f3-c7f6-204d-9dd7-32448e7008b2"
            stEvt:softwareAgent="Adobe Photoshop 23.5 (Windows)"
            stEvt:when="2022-09-30T11:11:55+01:00"/>
          <rdf:li
            stEvt:action="converted"
            stEvt:parameters="from application/vnd.adobe.photoshop to image/jpeg"/>
          <rdf:li
            stEvt:action="derived"
            stEvt:parameters="converted from application/vnd.adobe.photoshop to image/jpeg"/>
          <rdf:li
            stEvt:action="saved"
            stEvt:changed="/"
            stEvt:instanceID="xmp.iid:2e2da927-5075-1a41-8b7a-f36584895104"
            stEvt:softwareAgent="Adobe Photoshop 23.5 (Windows)"
            stEvt:when="2022-09-30T11:11:55+01:00"/>
        </rdf:Seq>
      </xmpMM:History>
      <xmpMM:DerivedFrom
        stRef:documentID="adobe:docid:photoshop:4f120995-96bf-3e4a-bc9e-9871480a7394"
        stRef:instanceID="xmp.iid:788ab6f3-c7f6-204d-9dd7-32448e7008b2"
        stRef:originalDocumentID="xmp.did:4f64feae-a1e8-4d5f-a631-6c5a101f9bc2"/>
    </rdf:Description>
  </rdf:RDF>
</x:xmpmeta>
