<?xml version="1.0"?><x:xmpmeta xmlns:x="adobe:ns:meta/" x:xmptk="Adobe XMP Core 6.2.9.B001"><rdf:RDF xmlns:rdf="http://www.w3.org/1999/02/22-rdf-syntax-ns#"><rdf:Description rdf:about="" xmlns:xmp="http://ns.adobe.com/xap/1.0/" xmlns:xmpMM="http://ns.adobe.com/xap/1.0/mm/" xmlns:stRef="http://ns.adobe.com/xap/1.0/sType/ResourceRef#" xmlns:dam="http://www.day.com/dam/1.0" xmlns:dc="http://purl.org/dc/elements/1.1/" xmlns:tiff="http://ns.adobe.com/tiff/1.0/" xmp:CreatorTool="Adobe Photoshop 25.0 (Windows)" xmpMM:DocumentID="xmp.did:BB219733724F11EE98DABB023B76E196" xmpMM:InstanceID="xmp.iid:BB219732724F11EE98DABB023B76E196" dam:Physicalwidthindpi="-1" dam:MIMEtype="image/jpeg" dam:Physicalheightininches="-1.0" dam:Physicalheightindpi="-1" dam:Physicalwidthininches="-1.0" dam:Bitsperpixel="24" dam:Progressive="no" dam:size="6596" dam:Numberoftextualcomments="0" dam:sha1="7118c7339ee3fafb67db8542ad0e3748e77be707" dam:Numberofimages="1" dam:Fileformat="JPEG" dc:format="image/jpeg" tiff:ImageWidth="200" tiff:ImageLength="200"><xmpMM:DerivedFrom stRef:documentID="xmp.did:BB219731724F11EE98DABB023B76E196" stRef:instanceID="xmp.iid:BB219730724F11EE98DABB023B76E196"/><tiff:BitsPerSample><rdf:Seq><rdf:li>8</rdf:li><rdf:li>8</rdf:li><rdf:li>8</rdf:li></rdf:Seq></tiff:BitsPerSample></rdf:Description></rdf:RDF></x:xmpmeta>