<?xml version="1.0"?><x:xmpmeta xmlns:x="adobe:ns:meta/" x:xmptk="Adobe XMP Core 6.2.9.B001"><rdf:RDF xmlns:rdf="http://www.w3.org/1999/02/22-rdf-syntax-ns#"><rdf:Description rdf:about="" xmlns:exif="http://ns.adobe.com/exif/1.0/" xmlns:photoshop="http://ns.adobe.com/photoshop/1.0/" xmlns:tiff="http://ns.adobe.com/tiff/1.0/" xmlns:xmp="http://ns.adobe.com/xap/1.0/" xmlns:xmpMM="http://ns.adobe.com/xap/1.0/mm/" xmlns:stEvt="http://ns.adobe.com/xap/1.0/sType/ResourceEvent#" xmlns:stRef="http://ns.adobe.com/xap/1.0/sType/ResourceRef#" xmlns:dam="http://www.day.com/dam/1.0" xmlns:dc="http://purl.org/dc/elements/1.1/" exif:ColorSpace="1" exif:PixelXDimension="200" exif:PixelYDimension="200" photoshop:ColorMode="3" photoshop:ICCProfile="sRGB IEC61966-2.1" tiff:Orientation="1" tiff:ResolutionUnit="2" tiff:XResolution="3000000/10000" tiff:YResolution="3000000/10000" tiff:ImageWidth="200" tiff:ImageLength="200" xmp:CreateDate="2021-04-19T07:56:48+03:00" xmp:CreatorTool="Adobe Photoshop 25.3 (Windows)" xmp:MetadataDate="2024-01-23T12:05:35Z" xmp:ModifyDate="2024-01-23T12:05:35Z" xmpMM:DocumentID="adobe:docid:photoshop:f62a0098-d9fa-8b43-b268-83ffc6a10797" xmpMM:InstanceID="xmp.iid:0d778a09-062f-1d4e-acda-8e7bd3a2e99a" xmpMM:OriginalDocumentID="xmp.did:440d003c-39ba-4598-a923-22a81334bb9f" dam:Physicalwidthindpi="300" dam:MIMEtype="image/jpeg" dam:Physicalheightininches="0.6666666865348816" dam:Physicalheightindpi="300" dam:Physicalwidthininches="0.6666666865348816" dam:Bitsperpixel="24" dam:Progressive="yes" dam:size="35798" dam:Numberoftextualcomments="0" dam:sha1="9a42948080603456ca4f86eafaee9a726854a3b4" dam:Numberofimages="1" dam:Fileformat="JPEG" dc:format="image/jpeg"><photoshop:DocumentAncestors><rdf:Bag><rdf:li>adobe:docid:photoshop:02f29b5b-26da-4344-a9fb-7ed2b4f255c4</rdf:li><rdf:li>adobe:docid:photoshop:0b9970c8-54c2-e240-ad46-5f1213508f99</rdf:li><rdf:li>adobe:docid:photoshop:0c71207f-1217-7446-82cb-615838d4faa1</rdf:li><rdf:li>adobe:docid:photoshop:1cde4b11-99ef-664c-ad09-eef0c6a67d5f</rdf:li><rdf:li>adobe:docid:photoshop:5833cbda-5d78-784b-aa35-ad07d4509fb4</rdf:li><rdf:li>adobe:docid:photoshop:c653fd12-783f-c34e-95b2-54189b5eae39</rdf:li><rdf:li>adobe:docid:photoshop:e4995f4b-aa58-aa42-979c-67f17a410d1a</rdf:li><rdf:li>xmp.did:440d003c-39ba-4598-a923-22a81334bb9f</rdf:li></rdf:Bag></photoshop:DocumentAncestors><xmpMM:History><rdf:Seq><rdf:li stEvt:action="created" stEvt:instanceID="xmp.iid:440d003c-39ba-4598-a923-22a81334bb9f" stEvt:softwareAgent="Adobe Photoshop 22.1 (Macintosh)" stEvt:when="2021-04-19T07:56:48+03:00"/><rdf:li stEvt:action="saved" stEvt:changed="/" stEvt:instanceID="xmp.iid:c0e65f7b-c3a0-4cbb-8568-fc369b34bbe7" stEvt:softwareAgent="Adobe Photoshop 22.1 (Macintosh)" stEvt:when="2021-04-19T08:02:49+03:00"/><rdf:li stEvt:action="saved" stEvt:changed="/" stEvt:instanceID="xmp.iid:041d0a57-b8eb-db48-ae44-fa30374085fa" stEvt:softwareAgent="Adobe Photoshop 25.3 (Windows)" stEvt:when="2024-01-23T12:05:35Z"/><rdf:li stEvt:action="converted" stEvt:parameters="from application/vnd.adobe.photoshop to image/jpeg"/><rdf:li stEvt:action="derived" stEvt:parameters="converted from application/vnd.adobe.photoshop to image/jpeg"/><rdf:li stEvt:action="saved" stEvt:changed="/" stEvt:instanceID="xmp.iid:0d778a09-062f-1d4e-acda-8e7bd3a2e99a" stEvt:softwareAgent="Adobe Photoshop 25.3 (Windows)" stEvt:when="2024-01-23T12:05:35Z"/></rdf:Seq></xmpMM:History><xmpMM:DerivedFrom stRef:documentID="adobe:docid:photoshop:a1d3aa44-ce6b-1b41-856e-49e9ec83065b" stRef:instanceID="xmp.iid:041d0a57-b8eb-db48-ae44-fa30374085fa" stRef:originalDocumentID="xmp.did:440d003c-39ba-4598-a923-22a81334bb9f"/><tiff:BitsPerSample><rdf:Seq><rdf:li>8</rdf:li><rdf:li>8</rdf:li><rdf:li>8</rdf:li></rdf:Seq></tiff:BitsPerSample></rdf:Description></rdf:RDF></x:xmpmeta>